1,"[0.         0.         0.         0.002331   0.002331   0.004662
 0.004662   0.00699301 0.00699301 0.00932401 0.00932401 0.01165501
 0.01165501 0.01398601 0.01398601 0.01631702 0.01631702 0.01864802
 0.01864802 0.02097902 0.02097902 0.02331002 0.02331002 0.02564103
 0.02564103 0.02797203 0.02797203 0.03030303 0.03030303 0.03263403
 0.03263403 0.03496503 0.03496503 0.03729604 0.03729604 0.04195804
 0.04195804 0.04428904 0.04428904 0.04662005 0.04662005 0.04895105
 0.04895105 0.05594406 0.05594406 0.05827506 0.05827506 0.06060606
 0.06060606 0.06526807 0.06526807 0.06759907 0.06759907 0.06993007
 0.06993007 0.07226107 0.07226107 0.07459207 0.07459207 0.07692308
 0.07692308 0.08391608 0.08391608 0.08624709 0.08624709 0.08857809
 0.08857809 0.09090909 0.09090909 0.09324009 0.09324009 0.0979021
 0.0979021  0.1002331  0.1002331  0.1025641  0.1025641  0.1048951
 0.1048951  0.10955711 0.10955711 0.11188811 0.11188811 0.11888112
 0.11888112 0.12121212 0.12121212 0.12587413 0.12587413 0.12820513
 0.12820513 0.13053613 0.13053613 0.13519814 0.13519814 0.14452214
 0.14452214 0.15384615 0.15384615 0.15850816 0.15850816 0.16550117
 0.16550117 0.16783217 0.16783217 0.17016317 0.17016317 0.17249417
 0.17249417 0.17482517 0.17482517 0.17948718 0.17948718 0.18648019
 0.18648019 0.19114219 0.19114219 0.1981352  0.1981352  0.20512821
 0.20512821 0.20979021 0.20979021 0.21445221 0.21445221 0.23076923
 0.23076923 0.23543124 0.23543124 0.23776224 0.23776224 0.24242424
 0.24242424 0.24475524 0.24475524 0.24941725 0.24941725 0.25407925
 0.25407925 0.26107226 0.26107226 0.26340326 0.26340326 0.26806527
 0.26806527 0.27505828 0.27505828 0.28671329 0.28671329 0.29137529
 0.29137529 0.2983683  0.2983683  0.30536131 0.30536131 0.31701632
 0.31701632 0.32167832 0.32167832 0.32400932 0.32400932 0.32634033
 0.32634033 0.33333333 0.33333333 0.34265734 0.34265734 0.34731935
 0.34731935 0.34965035 0.34965035 0.35198135 0.35198135 0.35431235
 0.35431235 0.37296037 0.37296037 0.38461538 0.38461538 0.39160839
 0.39160839 0.3986014  0.3986014  0.4032634  0.4032634  0.41025641
 0.41025641 0.42191142 0.42191142 0.44988345 0.44988345 0.46853147
 0.46853147 0.47319347 0.47319347 0.48251748 0.48251748 0.48484848
 0.48484848 0.48717949 0.48717949 0.49417249 0.49417249 0.51282051
 0.51282051 0.53379953 0.53379953 0.54079254 0.54079254 0.55477855
 0.55477855 0.58275058 0.58275058 0.58741259 0.58741259 0.60606061
 0.60606061 0.61072261 0.61072261 0.61305361 0.61305361 0.65967366
 0.65967366 0.67132867 0.67132867 0.68065268 0.68065268 0.68764569
 0.68764569 0.72261072 0.72261072 0.72960373 0.72960373 0.73193473
 0.73193473 0.73659674 0.73659674 0.75058275 0.75058275 0.77156177
 0.77156177 0.77622378 0.77622378 0.8018648  0.8018648  0.82983683
 0.82983683 0.83216783 0.83216783 0.84149184 0.84149184 0.86247086
 0.86247086 0.90675991 0.90675991 0.91375291 0.91375291 0.93473193
 0.93473193 0.93706294 0.93706294 0.94405594 0.94405594 0.95571096
 0.95571096 0.96037296 0.96037296 0.96270396 0.96270396 0.96503497
 0.96503497 0.97435897 0.97435897 0.997669   0.997669   1.
 1.        ]","[0.         0.00106157 0.57749469 0.57749469 0.61358811 0.61358811
 0.62208068 0.62208068 0.63481953 0.63481953 0.67728238 0.67728238
 0.72505308 0.72505308 0.73248408 0.73248408 0.73991507 0.73991507
 0.74097665 0.74097665 0.74203822 0.74203822 0.74522293 0.74522293
 0.7462845  0.7462845  0.75477707 0.75477707 0.75583864 0.75583864
 0.76008493 0.76008493 0.77176221 0.77176221 0.77707006 0.77707006
 0.77813163 0.77813163 0.77919321 0.77919321 0.78131635 0.78131635
 0.78343949 0.78343949 0.78450106 0.78450106 0.78980892 0.78980892
 0.79087049 0.79087049 0.79723992 0.79723992 0.79936306 0.79936306
 0.80042463 0.80042463 0.80254777 0.80254777 0.81104034 0.81104034
 0.81740977 0.81740977 0.82377919 0.82377919 0.82484076 0.82484076
 0.82802548 0.82802548 0.83014862 0.83014862 0.83333333 0.83333333
 0.83545648 0.83545648 0.83651805 0.83651805 0.83970276 0.83970276
 0.84288747 0.84288747 0.84394904 0.84394904 0.84501062 0.84501062
 0.84607219 0.84607219 0.8492569  0.8492569  0.85350318 0.85350318
 0.85562633 0.85562633 0.8566879  0.8566879  0.85881104 0.85881104
 0.85987261 0.85987261 0.86199575 0.86199575 0.86305732 0.86305732
 0.8641189  0.8641189  0.86624204 0.86624204 0.86730361 0.86730361
 0.87261146 0.87261146 0.87367304 0.87367304 0.87579618 0.87579618
 0.87791932 0.87791932 0.87898089 0.87898089 0.88004246 0.88004246
 0.88110403 0.88110403 0.88216561 0.88216561 0.88322718 0.88322718
 0.88535032 0.88535032 0.88641189 0.88641189 0.88747346 0.88747346
 0.88853503 0.88853503 0.89065817 0.89065817 0.89278132 0.89278132
 0.89490446 0.89490446 0.8970276  0.8970276  0.90021231 0.90021231
 0.90233546 0.90233546 0.9044586  0.9044586  0.90552017 0.90552017
 0.90764331 0.90764331 0.90870488 0.90870488 0.90976645 0.90976645
 0.91295117 0.91295117 0.91613588 0.91613588 0.91719745 0.91719745
 0.92675159 0.92675159 0.92781316 0.92781316 0.92887473 0.92887473
 0.93099788 0.93099788 0.93205945 0.93205945 0.93312102 0.93312102
 0.93418259 0.93418259 0.93524416 0.93524416 0.93630573 0.93630573
 0.9373673  0.9373673  0.93842887 0.93842887 0.93949045 0.93949045
 0.94055202 0.94055202 0.94161359 0.94161359 0.94267516 0.94267516
 0.9447983  0.9447983  0.94585987 0.94585987 0.94692144 0.94692144
 0.94798301 0.94798301 0.94904459 0.94904459 0.95010616 0.95010616
 0.95116773 0.95116773 0.9522293  0.9522293  0.95329087 0.95329087
 0.95541401 0.95541401 0.95647558 0.95647558 0.95859873 0.95859873
 0.9596603  0.9596603  0.96072187 0.96072187 0.96284501 0.96284501
 0.96496815 0.96496815 0.96602972 0.96602972 0.9670913  0.9670913
 0.96815287 0.96815287 0.96921444 0.96921444 0.97027601 0.97027601
 0.97133758 0.97133758 0.97239915 0.97239915 0.97452229 0.97452229
 0.97558386 0.97558386 0.97664544 0.97664544 0.97770701 0.97770701
 0.97876858 0.97876858 0.97983015 0.97983015 0.98089172 0.98089172
 0.98195329 0.98195329 0.98301486 0.98301486 0.985138   0.985138
 0.98619958 0.98619958 0.98832272 0.98832272 0.98938429 0.98938429
 0.99150743 0.99150743 0.992569   0.992569   0.99363057 0.99363057
 0.99469214 0.99469214 0.99575372 0.99575372 0.99893843 0.99893843
 1.        ]",0.9252173870008265
